Word,Count
the,438
=,332
*,268
|,204
||,196
to,187
cell,162
a,157
if,149
},146
,127
new,126
of,113
is,87
and,78
in,67
public,67
for,66
scan,64
from,57
int,57
return,56
be,56
it,55
+,55
i,48
starting,42
end,40
LOS,40
+---++---++---+,38
private,37
<,37
0;,37
{,36
x,35
player,35
0,34
String,33
octant,32
@,32
==,31
by,31
(int,31
that,30
@param,29
will,28
y,28
with,27
void,26
1,26
been,25
attack,24
blocking,24
Position,24
&&,24
block,24
applied,24
until,23
The,23
has,23
or,22
hit,21
-,21
\0,\,21
static,21
\"\\,20
sequence,20
i++){,20
method,20
cells,20
:,19
old,19
else,19
current,19
an,19
we,18
Effects,18
Place,18
|#####,18
after,18
#####|,18
2,17
apply,17
section,16
blocks,16
area,16
\[xCenter+0.5,yCenter+0.5]\,16
'brushes',16
covering,16
call,16
have,16
applyCell(),16
NO:,16
YES:,16
calculate,16
walls,16
than,16
\[xCheck,yCheck]\,16
started,16
FOV::start(),16
didn't,16
already,16
west,15
east,15
north,15
If,15
Pending,15
abstract,15
\around,\,15
out,14
!=,14
\"\);\,14
b,14
En,14
which,14
south,14
at,13
false;,13
si.cls();,13
|#####|,12
Auto-generated,12
TODO,12
stub,12
break;,12
>,12
refresh();,12
);,12
\aLevel.addMessage("\You\,11
message,11
Effect,11
audio,11
Attributes,11
more,11
MidisLoader,11
him,11
level,11
Run,11
keys,10
return;,10
mISSED,10
si.refresh();,10
Shows,10
targetMonster.damage(player.getWhipLevel());,10
8);,10
Cell,10
sequencer,10
since,9
they,9
position,9
need,9
given,9
first,9
object,9
\player,\,9
exit,9
Carve,9
console,9
left,9
<=,9
find,9
FOV::start,9
so,9
playing,9
on,9
start,9
color,9
data,9
Castle,9
play,9
may,8
last,8
\Position.add(center,\,8
/,8
\tiles.charAt(i),\,8
\Appearance.RED,\,8
color);,8
\"\SFX_MONSTER_ID_"\+aMonster.getID()\,8
\Debug.say("\Hi..\,8
line,8
MonsterMissile.java,8
case,8
right,8
helper,8
null),8
must,8
isn't,8
This,8
blocked,8
while,8
startSlope,8
Coupled,8
this,8
non-blocking,8
'new',8
\helper.y,\,8
\si.print(helper.x,\,8
doesn't,8
(prevBlocked==false),8
midi,8
ignores,8
Vector,8
file,8
octants,8
\Unsafe,\,8
reached,8
can,8
buffer,8
Unequip,8
drawEffect(new,8
previous,8
should,8
scans,8
3,8
ending,8
endSlope,8
bottom,8
try,8
maxRadius,8
top,8
String[],8
not,7
its,7
wisps,7
walk,7
A,7
#####+---++---+,7
Components,7
0);,7
Sets,7
>=,7
used,7
TODO:,7
Checks,7
+---++---+#####,7
\true,\,7
UserInterface.getUI().drawEffect(new,7
\si.print(inPosition.x,\,7
what,7
characters,7
MidiInfo,7
get,7
Level,7
Dispatcher());,7
when,7
final,7
\start,\,7
one,6
true;,6
are,6
Color,6
menuBox.draw();,6
ConsoleSystemInterface.RED);,6
Ruins,6
sightListItem;,6
magic,6
Try,6
Methods,6
pending,6
ListItem,6
stream,6
\aLevel.addBlood(destinationPoint,\,6
5,6
set,6
returns,6
null){,6
\end,\,6
frames,6
write,6
here,6
screen,6
\"\SFX_"\+weaponDef.getID()\,6
\Debug.say("\forcing\,6
Font,6
nothing,6
ID);,6
Getters,6
Missile,6
monst,6
@return,6
\front"\);\,6
si.waitKey(CharKey.SPACE);,6
catch,6
as,6
Couldnt,6
testArea.append(spaces(methodLevel),6
aLevel.addEffect(new,6
Returns,6
null;,6
(i,5
type,5
relative,5
ret.setDispatcher(new,5
load,5
door,5
4,5
Monster,5
Uses,5
Walk,5
ConsoleSystemInterface,5
inside,5
false));,5
Action,5
possible,5
system,5
was,5
into,5
do,5
all,5
meta,5
transient,5
Appearance.WHITE));,5
Weapon,5
character,5
key,5
boolean,5
Init,5
Dungeon,5
\"\+\,5
reference,5
ui.refresh();,5
\Position(aPlayer.getPosition()),\,5
Status,5
value,5
MissileEffect(new,5
1;,5
\"\*~"\,\,5
0),5
instead,5
\TileEffect(destinationPoint,\,5
outside,5
\"\+filename);\,5
--,5
Perform,4
msg,4
Create,4
PC_POS.y,4
resources,4
//,4
inmediately;,4
leftmost,4
0){,4
Weapons,4
Randomly,4
soul,4
entrance,4
Monsters,4
less,4
lower,4
endPosition;,4
rightmost,4
bottommost,4
landOn(landingPoint);,4
meta(),4
\"\,\,4
would,4
import,4
printed,4
\showMessage("\You\,4
defs.length;,4
Must,4
items,4
did,4
Fix,4
positions,4
topmost,4
Relations,4
input,4
ret,4
turns,4
invTextArea.setVisible(false);,4
see,4
ret;,4
music,4
upper,4
TO,4
UI,4
read,4
animationPause();,4
Waits,4
bat,4
\automata,\,4
sightListItem,4
(1),4
Skills,4
mainstream,4
Will,4
Keys,4
Town,4
stack.push(new,4
Lab,4
\ID,\,4
informed,4
i));,4
\location,\,4
reload,4
en,4
pick,4
bytes,4
shown,4
Attack.java,4
\System.out.println(aMonster.getDescription()+"\,\,4
\"\+vFeature);\,4
d,4
x.setDepth(runLength);,4
System.out.println(spaces(methodLevel),4
length);,4
class,4
30%,4
\cost"\);\,4
Some,4
\"\+weapon.getDescription()+"\!"\);\,4
path,4
approach,4
100));,4
decide,4
x.setPosition(bouncePoint);,4
i-1));,4
ItemDefinition,4
\y,\,4
true){,4
colors[i].length-1);,4
something,4
continue,4
aLevel.addEffect(x);,4
tried,4
each,4
Tile,4
Cave,4
useful,4
messages,4
null,4
null);,4
Cellular,4
ret.addMonster(bat);,4
constants,4
@author,3
Chapel,3
\Davison,\,3
what);,3
format,3
PlayerGenerator.thus.initSpecialPlayers();,3
printing,3
tryLooping(),3
/*if,3
\startPosition,\,3
landingPoint,3
VP_START.y,3
Forest,3
\Appearance.GREEN,\,3
VP_END.y);,3
keyboard,3
triggered,3
id){,3
pages,3
BufferedImage,3
\cell(x,y)\,3
(ret,3
interface,3
Courtyard,3
\'o',\,3
choice,3
\inPosition.y+i+promptSize+1,\,3
VP_END.x,3
generatePrologueLevelPath();,3
\x,\,3
Setters,3
Commands,3
future,3
consoleFont,3
\coordinates,\,3
\inPosition.y,\,3
Informs,3
defs,3
\Position(x,y,0),\,3
la,3
corresponds,3
Smart,3
crl.action.vkiller.Whip;,3
iy,3
feature,3
check,3
\color,\,3
ix,3
mode,3
\GridLayout(1,1));\,3
x.setDirection(Action.toIntDirection(var));,3
\0"\);\,3
\inHeight+"\\,3
x.clone();,3
move,3
continue;,3
\x,y\,3
same,3
Keep,3
SourceDataLine,3
Erase,3
every,3
name,3
level.addEffect(new,3
Caves,3
back,3
\System.out.println("\Count\,3
(int)(Math.floor((items.size()-1),3
any,3
upon,3
ret.addBlood(new,3
Clock,3
si.restore();,3
\"\crl_items.gif"\,\,3
changed,3
April,3
decrypted,3
frame,3
(!ui.insideViewPort(toPrint)),3
(String,3
\System.out.println(aMonster.getDescription()+"\\,3
Close,3
Bridge,3
autoUpdate,3
Moat,3
clues,3
TRANSPARENT_BLUE,3
JTextArea();,3
looping,3
\1,19\,3
but,3
x++),3
pressed,3
runner.y,3
Drawing,3
Game,3
Lv,3
Frank,3
names,3
\49,19\,3
\2005,\,3
listening,3
(Cell),3
Björn,3
direction,3
repaint();,3
Tower,3
020125:,3
state,3
Marble,3
\System.out.println("\items.size()\,3
Color.WHITE);,3
\"\+pageElements+"\\,3
many,3
store,3
IO,3
\level.addMessage("\You\,3
System,3
values,3
Actions,3
performer.getLevel().removeMonster(targetMonster);,3
\point,\,3
destinationHeight,3
36);,3
inHeight-promptSize;,3
second,3
choice;,3
Display.thus.showIntro(player);,3
definitions.get(id);,3
water,3
Dark,3
'end-of-track',3
Hall,3
startPosition,3
\false,\,3
\object,\,3
\System.out.println("\inHeight\,3
Andrew,3
Put,3
single,3
inHeight),3
lines,3
(targetMonster.isFlying(),3
description);,3
\+"\\,3
\appearance.getColor(),\,3
monsterHeight,3
candles,3
aStrokeInformer,3
play(),3
(;,3
Check,3
Missing,3
Killer,3
\"\+pages);\,3
draw,3
ad@fivedots.coe.psu.ac.th,3
Void,3
16);,3
Bergström,3
arrival,3
StrokeInformer();,3
commands,3
Load,3
\BasicListItem(appearance.getChar(),\,3
Interface,3
string,3
weapon,3
ViewPort,3
\Debug.enterMethod(this,\,3
Warehouse,3
\"\+inHeight);\,3
(x>=VP_START.x,3
stationary,3
COLOR_BOLD);,3
turn,3
again,3
\"\+items.size());\,3
Use,3
+1);,3
number,3
\25,19\,3
j,3
;,3
Garden,3
7,3
away,3
State,3
ItemDefinition[],3
spaces);,3
Bytes,3
Prints,3
toPrint,3
Interactive,3
si.saveBuffer();,3
Vampire,3
end-of-track,2
display,2
ranged,2
waitKey();,2
\"\+aMonster);\,2
\Game.crash("\A\,2
\"\+objClass.getClass()+"\\,2
Damage,2
playerChoice,2
MidiDevice,2
(weapon.getReloadTurns(),2
\"\+mons.getMonsterDescription(),\,2
(xCheck>=xEnd),2
height)));,2
(currentLevel.getLevelNumber(),2
abajo,2
(yStart-1),2
pressing,2
((Skill)skills.elementAt(i)).getMenuDescription());,2
CSV,2
close(),2
\"\NITE_MUSIC"\;\,2
Images,2
start.x;,2
J2SE,2
Cancel,2
transparency,2
range,2
\"\+returns);\,2
(appearance,2
Melee,2
\Debug.say("\inserted\,2
\File,\,2
ret.setInhabitants(Ruins.getInhabitants(0));,2
si.setAutoRefresh(false);,2
using,2
[][],2
15);,2
getSightListItem(),2
TRACKER);,2
\Debug.say(what.getClass().equals(objClass.getClass())+"\\,2
Theme,2
int[],2
\resumed,\,2
i);,2
cont++;,2
\player.getLevel().addItem(player.getPosition(),\,2
out;,2
\(0,0);\,2
\System.arraycopy(colorsBuffer[i],\,2
COLOR_BORDER_IN,2
+---++---+b---+,2
Treasures,2
skills,2
+---++---+a####,2
MonsterDeath,2
e-mail:,2
\scrW,\,2
blank,2
moving,2
(yStart+1),2
(weapon.getRemainingTurnsToReload(),2
\scrY,\,2
calculado,2
i++;,2
\"\Skills"\,\,2
BufferedReader,2
si.print((cont-1),2
\[xCheck+0.99999,yCheck+0.99999]\,2
start;,2
\"\+targetMapCell.getShortDescription());\,2
\10),\,2
\"\-"\+cls.getClass().getName()+"\."\+method+"\()"\);\,2
Plays,2
player.getNearestMonsterPosition();,2
\System.out.println("\Circle\,2
cleartext,2
AssignedFeature,2
merchandises,2
\Font.PLAIN,\,2
\Debug.say(list.elementAt(1).getClass()+"\\,2
Spirits,2
now,2
FOVMask.length,2
JLabel,2
First,2
OCURRENCE,2
goneThru[now.x][now.y+1],2
methods,2
Toolkit.getDefaultToolkit().createImage(new,2
Date();,2
readAlphaToNumber(defs.length);,2
Buffer,2
sound,2
\targetDirection,\,2
+---+#####+---+,2
charge,2
finished,2
stop(),2
except,2
y++),2
soulOptions,2
\ImageUtils.crearImagen(filename,\,2
Display.thus.showLevelUp(soulIds);,2
output,2
\Debug.say(list.elementAt(0).getClass()+"\\,2
goes,2
Flash,2
goneThru[now.x+1][now.y],2
\Position.add(ui.PC_POS,\,2
Thread,2
\"\+destinationCell.getID());\,2
mons.getTimes(),2
made,2
\[xCheck,yCheck+0.99999]\,2
only,2
ystart,2
monsters.nextElement();,2
enter,2
stays,2
\g.drawImage(imageBuff,\,2
spiritual,2
Drop,2
evades,2
\si.print(2,5,\,2
Runnable,2
//return,2
\print(caretPosition.x,\,2
tmp;,2
Armor,2
\"\"\+((char)(code-2));\,2
<10;,2
endPosition);,2
run,2
\StaticAnimEffect(performer.getPosition(),\,2
\level.getCellsAround(player.getPosition().x,player.getPosition().y,\,2
perform,2
Equip,2
OBJCLASS,2
Frame,2
passed,2
String[levels.size()]);,2
(xStart+1),2
currentCell,2
ser,2
(char)('a'+i),2
si;,2
sip,2
defs[i].getDescription(),2
synthesizer,2
gsi.getDeathCount().elements();,2
\ret.setPositions(startPosition,\,2
\"\+what.getClass()+"\\,2
\FilteredImageSource(tempImage.getSource(),\,2
matrix,2
Panel,2
\player.getPosition().z,\,2
weapon.getDefinition();,2
setSightListItem(ListItem,2
(MonsterDeath),2
levelPath,2
\+"\-done,\,2
defaultTarget,2
til,2
player.getAvailableSkills();,2
cargando,2
\System.out.println("\x\,2
toPrint);,2
tmp,2
ruins,2
levels.toArray(new,2
player.informPlayerEvent(Player.EVT_BACK_LEVEL);,2
their,2
\stopped,\,2
\played,\,2
(Feature),2
shopMenuItem;,2
trigger,2
SoundsWatcher,2
SantiagoZ,2
//dispa.addActor(bat);,2
Characters,2
Java,2
(String),2
(InterruptedException,2
there,2
<p>,2
\ui,\,2
Current,2
causes,2
una,2
Zapata,2
Debug.exitMethod(ret);,2
particular,2
\targetDirection,i,\,2
How,2
Santiago,2
base,2
\si.print(1,2,\,2
\read="\\,2
forward,2
JTextArea,2
getLevelUpSouls();,2
JFrame,2
Dispatcher,2
\"\Please\,2
roomHeight,2
\Debug.say(list.elementAt(2).getClass()+"\\,2
\it"\));\,2
ret.setPositions(new,2
cont,2
yspan;,2
list.elementAt(i).getClass().toString().equals(objClass.getClass().toString())){,2
\Appearance.CYAN,\,2
offset.x,2
directly,2
offset.y,2
Sequential,2
(audioFormat.getEncoding(),2
copy,2
\width,\,2
next,2
//ret.setDispatcher(new,2
\var.y,\,2
ClipsLoader,2
also,2
Alchemy,2
(xStart-1),2
+---+a####+---+,2
\"\crearImagen\,2
other,2
Appearance.GRAY);,2
text,2
\matter"\);\,2
crl.ui.effects.FlashEffect,2
Print,2
Cell[][],2
(x-y),2
offset,2
celdas,2
playNight,2
frame.setVisible(true);,2
subFeatures;,2
Links,2
depth;,2
a---++---++---+,2
aLevel.getMapCell(destinationPoint);,2
Refreshes,2
weapons,2
Image,2
bounce,2
#####a---++---+,2
\'_',\,2
\si.print(7,7+i,\,2
gives,2
\level.addMessage("\Evasion\,2
backup,2
now.y));,2
\list.insertElementAt(what,\,2
\"\+getDescription()+"\\,2
\graphicsBuff.drawChars(charBuffer[x],\,2
Secondary,2
blows,2
SplashEffect(new,2
(see,2
spirits,2
soul);,2
ItemFactory.getItemFactory().createItem((String)soulIds.elementAt(playerChoice));,2
\inset,null);\,2
LAST,2
loop),2
\Position(xvar+performer.getPosition().x,\,2
information,2
getSightListItem(){,2
keyCode,2
\Exception("\A\,2
+(i+1));,2
\aLevel.addFeature("\SMALLHEART"\,\,2
(endFeature,2
(xCheck<=xEnd),2
(run,2
Appearance,2
\chars[i],\,2
\CharColor(getJCurseColor(color).getForeground(),\,2
\0,1,x\,2
(yCheck<=yEnd),2
range);,2
\code+"\"\;\,2
-----,2
Utility,2
JFrame();,2
itemNumber,2
Branch,2
Appearance.YELLOW));,2
bigImage,2
THE,2
defs[i],2
(player.canCarry()){,2
imagen,2
(niteMusic,2
a####+---++---+,2
BufferedWriter,2
\si.print(5,11+i,\,2
ie){,2
Directional,2
(now.x,2
(now.y,2
\Lab,\,2
contents,2
\Util.rand(6,12);\,2
playerPosition,2
\offset.x,\,2
Beam,2
track,2
\offset.y,\,2
Throw,2
Shield,2
no,2
COLOR_BORDER_OUT,2
surround,2
sightListItem),2
BasicListItem,2
goneThru[now.x-1][now.y],2
break,2
\caretPosition.y,\,2
\CropImageFilter(x,\,2
were,2
(destinationCell,2
mons,2
fontSize);,2
\Position(now.x,\,2
monsters,2
ItemFactory.getItemFactory().getDefinition((String)soulIds.elementAt(i));,2
\"\+soul.getDescription());\,2
loead,2
displayMode,2
\"\+y);\,2
he,2
Modifier,2
printBars();,2
stop,2
\System.out.println("\aMonster\,2
\finished"\);\,2
RUN,2
removed,2
Equipment.eqMode,2
\si.print(2,7+i,\,2
event,2
(monsters.hasMoreElements()){,2
Items,2
de,2
bounced,2
\menuBox.setBounds(26,6,30,11);\,2
whether,2
Appearance.CYAN));,2
xspan;,2
calling,2
Las,2
audioFormat.getFrameSize(),2
br,2
command,2
si.print(PC_POS.x,2
walks,2
Cell[],2
am,2
fig.),2
\FlashEffect(player.getPosition(),\,2
Target.java,2
switch,2
throw,2
yeah,2
evil,2
(){,2
[],2
ciphers,2
compressed,2
even,2
free,2
y++){,2
press,2
int[13];,2
realH,2
Up,2
seen,2
buildMapCell,2
created,2
Categories,2
To,2
monster,2
10));,2
acquired,2
\Debug.say("\enqueued\,2
SZ,2
\fontWidth,\,2
wants,2
map[0].length,2
(not,2
OF,2
System.out.println(,2
\level!,\,2
300;,2
It,2
soulIds,2
generateLevel(String,2
comment,2
niteMusic,2
Vector();,2
Sound,2
Reads,2
\'*',\,2
\"\+x+"\\,2
weaponDef,2
KeyCode,2
Read,2
si);,2
Sacred,2
mystic,2
MIDI,2
NITE_MUSIC,2
\Vector(messageHistory.subList(0,21));\,2
gained,2
implementations,2
poor,2
\Debug.say("\in\,2
\"\+end);\,2
getCounter(counterID));,2
bytesRead,2
around,2
-1),2
-1;,2
frame.addKeyListener(aStrokeInformer);,2
prize,2
play(niteMusic);,2
sounds,2
+---b+---++---+,2
(throws,2
image,2
\"\+what+"\\,2
\Color(100,100,100,200);\,2
estar,2
Animated,2
ItemDefinition[soulIds.size()];,2
Features,2
meta-event,2
\colors[i],\,2
invTextArea,2
\screen,\,2
wasnt,2
sequence),2
end.x,2
60,2
5;,2
51,2
md.setLevelNumber(i);,2
(!e.isShiftDown()),2
48,2
bump,2
45,2
Enumeration,2
(yCheck>=yEnd),2
Item,2
42,2
valid,2
skills.size();,2
goneThru[now.x][now.y-1],2
MenuItem,2
player.addItem(soul);,2
Date,2
25,2
\2,\,2
10,2
\1,\,2
\targetPosition,\,2
\[xCheck+0.99999,yCheck]\,2
Size,2
it's,2
\),\,2
(String[]),2
\it"\,\,2
dep-1){,2
(perhaps,2
\yvar+performer.getPosition().y),\,2
Called,2
counter,2
1){,2
\"\:\,2
Class,2
sip.init();,2
10;,2
116,2
ActionSelector,2
128,2
text){,2
this.sightListItem,2
\"\)\,2
musics.get(NITE_MUSIC);,2
SwingInterfacePanel();,2
target){,2
colors.length;,2
\System.arraycopy(charsBuffer[i],\,2
\"\+counterID+\,2
effectLine.next();,2
\param,\,2
create,2
\"\+evasion);\,2
Debe,2
e,2
double,2
I,2
doesnt,2
Player.MALE,2
((cont-1),2
Splash,2
PCM,2
(,2
&,2
%,2
Graphics2D,1
occurred,1
\"\+this+"\\,1
getShopMenuItem(){,1
regen(),1
playerCell.getHeight()){,1
\"\SourceDataLine\,1
\Position.mul(Action.directionToVariation(Action.DOWNLEFT),\,1
getTimeCostModifier();,1
Mummies,1
\player.setCounter(Consts.C_FIREBALL_WHIP,\,1
DirectionMissileEffect,1
Save,1
1];,1
\si.print(1,24,\,1
placeKeys(ret);,1
Debug.say(getPosition());,1
monstersList.setHeight(10);,1
NPC),1
\steps,\,1
MidiSystem.getSequence(,1
+---+#####b---+,1
\//Debug.enterStaticMethod("\IASImageUtils"\,\,1
\"\.oO"\,\,1
\Debug.say("\enqueuing\,1
ImageUtils.createImage(IMG_BORDERS);,1
MP3),1
\{"\FINAL_BRIDGE"\,\,1
SystemInterface,1
placeholder,1
Loop,1
\si.drawImage(759,\,1
\20,\,1
hits,1
20),1
keyInminent(){,1
alternate,1
\testArea.append(o+"\;\,1
effectID,1
dataLine.getClass(),1
\Integer.parseInt(parameters[1])),\,1
\System.out.println("\Can\,1
System.exit(,1
shows,1
\"\+starting);\,1
Logo,1
DOWNRIGHT,1
\35,\,1
effects;,1
\destinationPoint,\,1
\px+"\\,1
battle,1
\level.getPlayer().addSoulPower(Util.rand(0,3));\,1
Original,1
Player.CLASS_RENEGADE),1
sip.add(invTextArea);,1
\who.getLevel().addMessage("\The\,1
\testFrame.setBounds(0,0,400,500);\,1
targetFrame.setUndecorated(true);,1
\16,\,1
bitDepth,1
fov.cpp,1
Debug.say(a.getPosition());,1
some,1
((BasicListItem)sightListItem).setIndexColor(appearance.getColor());,1
\Display.thus.showChat(CharCuts.thus.get("\PRELUDE_DRACULA4"\));\,1
\loopable,\,1
\"\drawEffect"\,\,1
10),1
(Util.chance(trying.getRarity())){,1
\ImageUtils.createImage("\res/crl_icon.png"\);\,1
\sip.print(x*10,\,1
boolean[map.length][map[0].length];,1
createMeleeEffect(Position,1
getLevel().getMapCell(landingPoint);,1
subFeatures.elements();,1
boss.isDead()),1
(Util.chance(20)),1
\1),\,1
getEffectOnStep(),1
testArea.setWrapStyleWord(true);,1
Music,1
\"\items.len"\+items.size()\,1
reseting,1
\j++,\,1
spirit,1
(debug){,1
coordinates,1
\nuevo,\,1
\4),\,1
record,1
4);,1
\mediaTracker.addImage(image,\,1
element,1
\ret[i].getEvadeChance()+"\,"\+ret[i].getEvadeMessage()+"\,"\+ret[i].getAutorespawnCount()\,1
Assertion,1
Saves,1
50);,1
set(String,1
notified,1
'looping,1
loadNextLevel();,1
ret.setMOF(mof);,1
\(ALAW,\,1
Overlap,1
Overlay,1
30));,1
depth,1
5000,1
\createTAppearance("\MOAT_UP"\,\,1
player.informPlayerEvent(Player.EVT_LEVELUP);,1
SFX*/,1
\Debug.say("\pp"\+pp);\,1
Thread.currentThread().sleep(1000);,1
\defs[Util.rand(0,\,1
\MS"\,\,1
\"\NULL_SELECTOR"\,\,1
\Position(now.x-1,\,1
defined,1
end;,1
loadNextLevel(){,1
end),1
inputstream,1
\aLevel.addBlood(destinationPoint,1);\,1
int[][],1
provides,1
(canChg),1
getStartPosition(),1
requirement,1
//},1
crle){,1
(destinationPoint.z(),1
\//player.landOn(currentLevel.getExitFor("\_NEXT"\));\,1
end.y,1
\System.out.println("\Placing\,1
gs.setDisplayMode(displayMode);,1
\Debug.say("\---"\+(ixx++)+"\--------"\);\,1
\System.out.println("\Lose\,1
pause,1
end){,1
erases,1
esta,1
rscfovdemo,1
Turns,1
}catch(InterruptedException,1
runner.add(varP);,1
(((player.getLevel().getBoss().getHits()-1),1
\ConsoleSystemInterface.BLUE,\,1
freeing,1
Looks,1
\Position.subs(next,\,1
related,1
graphics,1
\"\generateLevel"\,\,1
itemNumber){,1
\//Debug.say("\estoy\,1
destroyed,1
menuBox.setForeColor(ConsoleSystemInterface.RED);,1
currentMidiThread;,1
\UserAction(fusion,\,1
size,1
\"\createLevel\,1
inventory.remove(toRemove.getDefinition().getID());,1
\bitDepth,\,1
\1,1),\,1
\PropertyFilters.getColor(p.getProperty("\COLOR_MSGBOX_INACTIVE"\));\,1
\invTextArea.setBounds(scrX,\,1
tempImage,1
ret[29].setHeight(3);,1
\',0,\,1
points,1
Sans,1
Console,1
\size="\\,1
\Position(now.x+1,\,1
targetFrame.setSize(Toolkit.getDefaultToolkit().getScreenSize());,1
specified,1
selectedBox.setPromptSize(2);,1
<fnm>,1
startIndex,1
\SplashEffect(blastPosition,\,1
HEALTH_BLUE,1
200),1
Continues,1
along,1
(tries,1
ItemFactory.getItemFactory().setLevelTotal(levelTotal);,1
\PCMissileEffect(performer.getPosition(),\,1
pEffectID){,1
\"\-"\+cls+"\."\+method+"\()"\);\,1
endPosition,1
//int,1
\aPlayer.setCounter("\LIGHT"\,Integer.parseInt(effect[cmd+1]));\,1
cyan,1
\Appearance.BLUE,\,1
-->,1
---,1
\"\Oo."\,\,1
getAppearance();,1
\System.out.println("\Running"\);\,1
print,1
received,1
COLOR_MSGBOX_INACTIVE,1
(int)((Math.random(),1
--------,1
informPlayerEvent(Player.EVT_NEXT_LEVEL);,1
\-"\,\,1
show,1
now.y-1));,1
\drawEffect(EffectFactory.getSingleton().createLocatedEffect(destinationPoint,\,1
java.koder@gmail.com,1
(Util.chance(50)){,1
port,1
channels,1
\fov.startCircle(getLevel(),\,1
levels,1
(value<0,1
\Position.mul(Action.directionToVariation(Action.LEFT),\,1
Prepare,1
\bat.setPosition(i+5,i+5);\,1
\Util.rand(5,30));\,1
shortcut,1
si.setColor(TRANSPARENT_BLUE);,1
aPlayer.landOn(destinationPoint);,1
\levelPath[levelNumber],\,1
written,1
Window(frame);,1
GraphicsEnvironment,1
\"\+pageElements+"\CP"\+currentPage+"\pages"\+pages);\,1
print(int,1
getEndPosition(),1
(which,1
\mof.buildMonster("\MERMAN"\);\,1
\Number"\+pageNumber);\,1
cnse){,1
landingCell.getHeight(),1
\img,-8,-16);\,1
si){,1
endIndex,1
createBeamMissileEffect(Position,1
goneThru,1
\swingConsolePanel.setBounds(0,\,1
\"\"\);\,1
random,1
remembered[pz+1][ix][iy]=,1
castle,1
Same,1
a.setMultiItems(pickSpirits());,1
interrupts,1
\si.drawImage(next.x(),\,1
\size"\);\,1
{cellQuant},1
Appearance.RED));,1
\si.print(43,0,"\STAGE\,1
\charMap.put("\,"\,\,1
frame.setDefaultCloseOperation(JFrame.EXIT_ON_CLOSE);,1
++;,1
gs.setFullScreenWindow(win);,1
Convert,1
ShopMenuItem(this);,1
McIntyre,1
getCost(){,1
Salt,1
vcells.length;,1
+---ba####+---+,1
\attack!"\);\,1
\ret[i].getSightRange()+"\,"\+ret[i].getMaxHits()+"\,"\+\,1
Math.s(Math.pow(a.x,1
assumed,1
SoundsWatcher.java,1
allow,1
---------------------------------------------------,1
gameSessionInfo.setDeathCause(GameSessionInfo.ENDLESS_PIT);,1
attached,1
Debug.say(mUpgradeCount);,1
\[xCheck+0.99999,yCheck-0.00001]\,1
super.paintComponent(g);,1
\"\she"\);\,1
(regenRate,1
refreshMerchandise(Player,1
(ix,1
(hi,1
frame.getContentPane().setLayout(new,1
operates,1
ret.setDispatcher(dispa);,1
\MonsterDefinition("\NPC"\,\,1
together,1
containing,1
scanNE2N,1
scanNE2E,1
(and,1
setBackground(TRANSPARENT_BLUE);,1
sent,1
\"\COURTYARD_FLOOR\,1
(CloneNotSupportedException,1
acquires,1
doomedFeatures.size();,1
\"\-"\+cls+"\."\+method+"\("\+params+"\)"\);\,1
subfeatures,1
+---++---++---b,1
creates,1
createAnimatedMissileEffect(Position,1
realW,1
\chargeCounter,\,1
DisplayMode,1
\turns,\,1
scanSW2W,1
scanSW2S,1
ret.setUnleashers(new,1
monsterCell.getHeight()+2,1
\"\****~~~~,,,,...."\,\,1
messageBox.setVisible(true);,1
\"\-"\+classs+"\."\+method+"\()"\);\,1
\otherDir1,20,\,1
MidisLoader.java,1
\System.out.println("\Inadequate\,1
(lh))/2.0d);,1
\"\[Space]\,1
GraphicsEnvironment.getLocalGraphicsEnvironment();,1
-----------,1
TargetDataLine,1
freq,1
(int[][])layouts.elementAt(useLayout);,1
\[xCheck,yCheck-0.00001]\,1
Already,1
createAnimatedEffect(Position,1
walkCost,1
\Position.add(getPosition(),\,1
Jumps,1
(subf.hasMoreElements()){,1
\Debug.say(this+"\\,1
ex){,1
(a.y,1
\Line(startPosition,\,1
animation,1
hasEnergyField()),1
manipulate,1
rcount;,1
holy,1
(now.equals(end)){,1
\//player.land(currentLevel.getExitFor("\_BACK"\));\,1
\"\+previousLevelID);\,1
\[xCheck+0.99999,yCheck+1]\,1
level.getSpawnItemsIDs();,1
alive,1
endGame(){,1
\Color(160,160,160);\,1
\(Util.rand(0,4)){\,1
player){,1
\screenWidth,\,1
midiPlayer,1
selfs,1
Move,1
\monstersList.setPosition(2,\,1
wisp2.go();,1
\=EffectFactory.getSingleton().createDirectedEffect(performer.getPosition(),\,1
BasicListItem(',1
cursor,1
declared,1
(landingCell,1
yend;,1
yend,1
\"\+exitID);\,1
\0.7),\,1
dispa);,1
\xspan,\,1
invTextArea.setFont(fnt);,1
\"\¤o¤o"\,\,1
specifiy,1
specific,1
//Draw,1
blue,1
testFrame.setVisible(true);,1
\Position(69,12);\,1
\Debug.byebye("\Exception\,1
stat,1
createDirectionalMissileEffect(Position,1
what.y);,1
damage,1
Toolkit.clearScreen(new,1
invTextArea;,1
\"\Castlevania\,1
spots,1
attacks,1
\attack,\,1
generateLevel(new,1
shadowcasting,1
singleton.setSelector(new,1
2));,1
(!insideViewPort(offset)),1
IOException,1
\next.y(),\,1
winding,1
\ret[i].isCanSwim()+"\,false,"\+ret[i].getScore()+"\,"\+\,1
\memento"\);\,1
Apply,1
mLocs.get(p);,1
doomedFeatures.elementAt(i);,1
parameters,1
\Consequently,\,1
\((CharAppearance)defs[i].getAppearance()).getChar(),\,1
\PropertyFilters.getColor(p.getProperty("\COLOR_MSGBOX_ACTIVE"\));\,1
player.setRegenRate(40);,1
removeItem(Item,1
freesquare,1
isInvincible(),1
access,1
affected,1
{Thread.sleep(1500);}catch(Exception,1
\(exit.equals("\_BACK"\)){\,1
Chance,1
informPlayerEvent(Player.EVT_BACK_LEVEL);,1
\"\-"\+cls.getClass().getName()+"\."\+method+"\("\+params+"\)"\);\,1
\Weapons"\));\,1
\"\her"\);\,1
\prompt,Color\,1
Change,1
deals,1
\level.removeExit("\_BACK"\);\,1
reservoir,1
\SplashEffect(pum,\,1
monstersList.setWidth(27);,1
subf,1
i=0;,1
waits,1
those,1
such,1
\Position.subs(startPosition,\,1
end.y;,1
end.x;,1
\Debug.enterStaticMethod("\IASImageUtils"\,\,1
SWING_CONSOLE;,1
Auxiliars,1
Debug.say(x);,1
level.getMapCell(getPosition()).isStair(),1
Tries,1
\page"\+elementsOnPage+"\\,1
Debug.exitExceptionally(e);,1
(!playerInRange()),1
\promptColor,\,1
\System.out.println("\Lineas:\,1
createSplashEffect(Position,1
just,1
xrun,1
+---++---+a---b,1
i<5;,1
structure,1
reaches,1
generatePrologueLevelPath(){,1
IMG_HELP;,1
levelPath;,1
\Rectangle(Toolkit.UL_CORNER,\,1
AudioSystem.getAudioInputStream(,1
playerLevel,1
Lair,1
monsterCell.getHeight()+3){,1
lstMerchandise.getSelectedValue();,1
FOVMask[x][y];,1
\Position(1,15);\,1
\py"\+py);\,1
\"\+m.getWalkCost());\,1
((audioFormat.getEncoding(),1
land();,1
\looping,\,1
+---++---+a---+,1
Open,1
\x,y,\,1
\"\+p);\,1
getLevel().getMapCell(getPosition()).getHeight()),1
queue,1
Actor{,1
Set,1
ui.getPlayer().getPosition()));,1
\"\step"\);\,1
Toolkit.getDefaultToolkit().getImage(filename);,1
enemies,1
gc.createCompatibleImage(,1
\GFXAppearance(ID,\,1
\Dimension(200,\,1
advancement,1
image;,1
Sounds/,1
obtained,1
\"\+destinationFeature);\,1
(ActionCancelException,1
encrypt,1
morethan,1
\564,\,1
getHeight());,1
distance(Position,1
town,1
GFXAppearance,1
\aLevel.addEffect(EffectFactory.getSingleton().createTileMissileEffect(performer.getPosition(),\,1
((CharAppearance)defs[i].getAppearance()).getColor());,1
\"\-"\+cls+"\("\+cls.getClass().getName()+"\)."\+method+"\("\+params+"\)"\);\,1
1][2,1
Play.java,1
\ret[i].isUndead()+"\,"\+ret[i].isEthereal()+"\,"\+\,1
iy<map[0][0].length),1
_or_,1
getMenuAppearance(){,1
device,1
//frame.setDefaultCloseOperation(JFrame.EXIT_ON_CLOSE);,1
Thread.sleep(10);,1
\MidisLoader,\,1
Feature,1
skiping,1
crossEffect,1
\"\+nextTime+"\)"\);\,1
performer.getLevel();,1
encodings,1
synth,1
tries,1
\"\+item.getDefinition().getID()+"\\,1
idList,1
\"\he"\\,1
(int),1
Gets,1
flame,1
distance));,1
\bat.setPosition(Util.rand(5,60),\,1
lit[player.getPosition().z][x][y],1
(int)(p.getCastCost(),1
\Integer.parseInt(parameters[3]),Integer.parseInt(parameters[4]),\,1
\"\"\;\,1
reset,1
behaviour,1
Debug.say(what.getPosition().toString());,1
(!level.isWalkable(getPosition())){,1
form:,1
\(isValidCoordinate(ix,iy,z)\,1
regenCont,1
+---b#####+---+,1
flash,1
\(effect[cmd].equals("\LIGHT"\))\,1
what){,1
Throws,1
\FeatureFactory.getFactory().buildFeature("\ROSARY"\);\,1
ret.respawn();,1
Debug.exitMethod(image);,1
Clears,1
former,1
preferredSize,1
+---+a---+#####,1
transport,1
paint(Graphics,1
ShopMenuItem,1
150));,1
FOVMask[0].length),1
+---+a####b---+,1
swim,1
merchandiseType),1
MidiInfo.java,1
extends,1
crawling,1
((BasicListItem)sightListItem).setIndex(appearance.getChar());,1
getDefinition().getSightListItem();,1
(regenCont,1
startPosition;,1
(sex,1
definition.getDefaultSelector();,1
Color.RED);,1
\CharKey.F),\,1
\app"\+item);\,1
\bat.setPosition(i+7,10);\,1
COLOR_MSGBOX_ACTIVE,1
\mode"\);\,1
800;,1
scanNW2N,1
\"\+loseMindChance);\,1
Example,1
wrapping,1
aLevel.getItemAt(destinationPoint);,1
scanNW2W,1
em.getPoint());,1
\(arg0.getName().endsWith("\.sav"\))\,1
invTextArea.repaint();,1
recursive,1
storedLevels,1
\2,0),\,1
between,1
\Position(cells[0].length-1,roomHeight\,1
load(),1
AudioFormat.Encoding.MP3)),1
moveRandomly();,1
serializable,1
600;,1
\ret[i].getWavOnHit()+"\,"\+ret[i].getBloodContent()+"\,"\+\,1
\words,\,1
Dimension,1
\him"\);\,1
Hashtable,1
\while'"\);\,1
attack..,1
Renegade,1
\tier,\,1
\depth,\,1
\param.split("\\,1
MonsterFactory.getFactory().setLevelTotal(levelTotal);,1
stopping,1
\event,\,1
xdim;,1
\Integer.parseInt(parameters[2]),\,1
invTextArea.setText(text);,1
weaponSkills,1
IMG_GBAT);,1
landing,1
Walks,1
&&(!getMapCell(where).isWater(),1
/*Pending,1
chargecounter,1
Fonts,1
si.print,1
Inexistente,1
(from,1
longer,1
\StaticAnimEffect(em.getPoint(),\,1
<5;,1
mof.buildMonster(monst);,1
part,1
Dwells,1
startPoint,1
required,1
checked,1
effectType,1
[Press,1
WSwingConsoleInterface();,1
layout,1
page,1
trying,1
\System.out.print("\."\);\,1
Command,1
loadMidi(),1
currently,1
\UPLEFT,\,1
\layout"\);\,1
Fill,1
flavored,1
dunnno,1
user,1
gs.setFullScreenWindow(null);,1
\Failed"\);\,1
another,1
yspan,1
\forgotten,\,1
\supported"\);\,1
(loudest),1
what.getPosition());,1
differs,1
distance,1
\GFXIconEffect("\SFX_SHADOW_FLARE"\,load1(8,15)[0],\,1
offset);,1
y){,1
Capability,1
\FlashEffect(performer.getLevel().getPlayer().getPosition(),\,1
getSightRange());,1
<=xend;,1
win,1
i+1);,1
title.setForeground(GFXDisplay.GOLD);,1
dispatcher,1
levelNumber,1
\continue]"\);\,1
destinationCell,1
(max),1
actor,1
continues,1
endFeature.setKeyCost(keysOnLevel);,1
\continue,\,1
\"\\\|/|\\"\,\,1
what.getText();,1
\defs[i].getMenuDescription(),\,1
map[z][ix][iy];,1
playerEventListener.informEvent(EVT_FORWARD);,1
input(int,1
empty,1
py++;,1
copy;,1
setAnimationDelay(animationDelay,1
item.getAttributesDescription(),1
\otherDir2,20,\,1
\cast,\,1
unneeded,1
MidisLoader();,1
invTextArea.setOpaque(false);,1
\UI,\,1
(player.getSex(),1
\"\\\|/--/|\\"\,\,1
drawImage,1
uncompressed,1
\distance,\,1
\"\+start+"\\,1
\-inset,\,1
\primarily,\,1
Slash,1
runner.y++;,1
Converts,1
destroyFeature(f);,1
im.getColorModel(,1
regenRate){,1
relative);,1
under,1
\level"\+crle);\,1
Down,1
informPlayerEvent(Player.DEATH);,1
\Debug.say("\Add"\+featureID);\,1
BORDERS,1
DisplayMode(,1
Atributes,1
ManBeast,1
currentMidiThread,1
wispys,1
(aPlayer.getKeys(),1
>=FOVMask[0].length){,1
\soil!"\,\,1
Target();,1
leave,1
f.getSize());,1
\aLevel.addBlood(runner,\,1
caret,1
Delete,1
deberia,1
\System.out.println("\Fin:\,1
Makes,1
\air!"\);\,1
branch,1
currentLevel.isDay());,1
MonsterDefinition,1
copy.createGraphics(,1
especializada,1
(player.getPlayerClass(),1
\System.out.println("\m\,1
hisher,1
\DoubleSplashEffect(getPosition(),\,1
aPlayer.setFireballWhip(Integer.parseInt(effect[cmd+1]));,1
title.setFont(UI_FONT);,1
drawEffect(GFXUserInterface,1
\"\.length(),0);\,1
(Position),1
spawnItemIDs;,1
\"\BAT"\;\,1
Display.thus.showEndgame(player);,1
\(!feat.equals("\"\))\,1
guardado,1
effectLine,1
forest,1
LineAvailableException),1
stack.pop();,1
controlled,1
(level.getMonsterAt(mousePosition),1
\"\+chargeCounter);\,1
collection,1
System.exit(0);,1
throws,1
thrown,1
strokes,1
validity,1
Debug.exitMethod();,1
STMidiPlayer.setVolume(0.1d);,1
\mof.buildMonster("\SKELETON"\);\,1
keystrokes,1
\"\+element.getRange()+"\\,1
\46),\,1
\System.out.println("\Refreshing!"\);\,1
goneThru.length;,1
getClass().getResource(filename),1
drained,1
DumbSelector());,1
Request,1
createTileEffect(Position,1
Excelsior,1
CaveEntranceSeal()});,1
HashMap,1
\DOWNLEFT,\,1
ListBox(psi);,1
seq,1
Knight,1
\prompt,\,1
\class="\\,1
0));,1
statusEffect,1
\Position.add(player.getPosition(),\,1
otherwise,1
stack,1
/*boolean,1
level.removeMonster(monster);,1
back.,1
\back,\,1
rule,1
selectedBox.setForeColor(ConsoleSystemInterface.RED);,1
PreemergeEffects.getAction();,1
(eqMode),1
midiPlayer;,1
\"\ZOMBIE"\;\,1
Draw,1
toRemove){,1
Object,1
+---++---b#####,1
turnsToDie);,1
monsters;,1
exception,1
destroy,1
\1.5),\,1
deltax,1
drawEffect(crossEffect);,1
CharColor.BLACK));,1
\Color(0,0,0,250);\,1
NEEDED,1
value),1
goneThru[x][y],1
value;,1
space,1
browser,1
Temporary,1
getJCurseColor(color).getForeground()));,1
Player.EVT_NEXT_LEVEL:,1
monstersList.clear();,1
canChg,1
cmap[xrun+x][yrun+y],1
\si.drawImage(215,60,IMG_TITLE_NAME);\,1
(playerCell.getHeight(),1
optionally,1
initSequencer(),1
mLocs;,1
\"\Score"\);\,1
(this,1
Allows,1
\si.print(2,3,\,1
occurs,1
si.drawImage(IMG_HELP);,1
\map,\,1
((HeartAction)(getPlayer().getMysticAction())).getHeartCost();,1
\si.getGraphics2D().fillRect(26,26,665,185);\,1
\//frame.setBounds(0,0,800,600);\,1
b---++---++---+,1
\"\+getDescription()+"\by"\+value+"\\,1
make,1
\level.removeExit("\_START"\);\,1
main,1
scanSE2S,1
\["\+item.getDefinition().getMenuDescription()+"\]"\;\,1
scanSE2E,1
working,1
\[xCheck+0.9999,yCheck-0.00001]\,1
pretty,1
during,1
Restores,1
CommandListener,1
xend,1
\pMessage,\,1
\performer.getPosition(),\,1
plays,1
Player.EVT_BACK_LEVEL:,1
(layouts.size(),1
pMessage;,1
testFrame,1
getDefinition(itemID);,1
POS_LEVELDESC_Y,1
POS_LEVELDESC_X,1
allows,1
\realW-inset,0,\,1
\keypress,\,1
(items,1
Stores,1
\where),\,1
border,1
(int)((25,1
getSubFeatures(),1
\"\BRICK_WALKWAY2"\);\,1
amount,1
szapata,1
Model,1
TILE_TIME_BACK);,1
\targetItem.getAppearance().getChar(),\,1
\createAppearance("\COFFIN"\,\,1
por,1
dealing,1
bounce.x,1
bounce.y,1
actors.printStatus();,1
Player,1
scanned,1
triggers,1
GraphicsDevice,1
\Feature.clone()"\);\,1
Generates,1
monster's,1
\"\^"\,\,1
this.setBackground(java.awt.Color.RED);,1
resume(),1
\"\o*'"\,\,1
Static,1
itemsList.clear();,1
\level.removeExit("\MUMMIES_LAIR"\);\,1
\"\SKELETON"\;\,1
ignore,1
(PC_POS.x,1
Stack();,1
/*Enumeration,1
//setPosition(landingPoint);,1
performing,1
\System.out.println("\Fullscreen\,1
textColor){,1
regenCont++;,1
(!expression){,1
\("\Fixedsys\,1
'houses',1
our,1
loadSoundsFile(),1
where.y;,1
where.x;,1
getCellsAround(int,1
player.getPosition().y-yrange;,1
targetPanel.flash(getColorFromCode(color));,1
found,1
\[xCheck+1,yCheck]\,1
Unleasher[]{new,1
lets,1
SZ030507,1
\spaen!@"\);\,1
run++){,1
i--;,1
\startsWith("\_"\);\,1
implementation,1
(monsterCell.getHeight(),1
items++;,1
getDefinition().getEffectOnStep();,1
((GFXAppearance)defs[i].getAppearance()).getImage());,1
graphicsBuff.setColor(Color.BLACK);,1
\iy"\+iy+"\z"\+z);\,1
MediaTracker(new,1
textArea.setVisible(false);,1
\method,\,1
ImageIO.read(,1
definition){,1
definition);,1
(Player),1
drawLevel();,1
Configuration,1
maximum,1
Looping,1
somewhere,1
\JOptionPane.showMessageDialog(null,\,1
\dispatcher.addActor(what,\,1
(x>=0,1
\si.print(43+"\STAGE\,1
pStatusEffect;,1
\pStatusEffect,\,1
(gs.isFullScreenSupported()){,1
Adjust,1
selector,1
building,1
\"\O....,,..,.,.,,......"\,\,1
neL,1
\screenHeight,\,1
\level.getPlayer().addSoulPower(Util.rand(10,20)*level.getLevelNumber());\,1
\rate,\,1
gs.isDisplayChangeSupported();,1
\charMap.put("\C"\,\,1
default,1
getFrostAt(where),1
\af.getFeature().draw(Position.add(af.getPosition(),\,1
\aLevel.addMessage("\The\,1
Assign,1
protected,1
orthogonal,1
im.getWidth(,1
\Util.rand(0,\,1
AWT,1
unused,1
responsible,1
map,1
testFrame.getContentPane().add(new,1
\150),\,1
java.util.Vector,1
draw(Position,1
ui.getPlayer().getPosition());,1
\createXAppearance("\FLAME"\,\,1
Add,1
map.length,1
TILESIZE,1
list.size()),1
insideViewPort(Position,1
keypresses,1
\ret[i].getAttack()+"\,"\+ret[i].getWalkCost()+"\,"\+ret[i].getAttackCost()+"\,"\+\,1
\getPosition().x,\,1
\"\/\\"\,\,1
\player.setPosition(currentLevel.getExitFor("\_NEXT"\));\,1
ydim;,1
report,1
KNIGHT_WEAPONS,1
{baseCell},1
\getPosition().y,\,1
testFrame.getContentPane().setLayout(new,1
All,1
effects,1
menuBox.setBorder(true);,1
f.setFaint(f.getFaint()-1);,1
SwingSystemInterface(){,1
performer;,1
MidiInfo(),1
(!stack.isEmpty());,1
Space,1
t.interrupt();,1
\0,0,\,1
\("\Comic\,1
rEMOVE,1
*debe,1
\availableSkills.add(skills.get("\MAJOR_JINX"\));\,1
itemIDs,1
\write.write("\\n"\);\,1
\"\PANTHER"\;\,1
AudioFormat.Encoding.PCM),1
aLevel,1
translated,1
getAttributesDescription();,1
endFeature.setKeyCost(1);,1
endProjectile(i);,1
JLabel();,1
encrypted,1
keyCounter,1
\"\Oo*'."\,\,1
\time,\,1
\y*24,\,1
\"\*"\},\,1
\"\.,,,,..,,.,.,..,,,,,,"\,\,1
currentLevel.getLevelNumber()-1);,1
canvas.getCells();,1
\Position.mul(startPosition,\,1
\loadLevel(levelPath[currentLevel.getLevelNumber()-1],\,1
CRL,1
\"\?¿"\,\,1
Wander,1
CharAppearance.getVoidAppearance().BLACK);,1
\"\+hi+"\="\+ret);\,1
pEffectType;,1
\si.printAtPixel(18,80,"\"\+player.getHoverHeight(),\,1
\pEffectType,\,1
tries++;,1
\"\+element.getChargeCounter());\,1
score,1
System.out.println(where);,1
Vector(20);,1
\PropertyFilters.inte(p.getProperty("\TILESIZE"\));\,1
Stays,1
volume.setValue(,1
\Debug.enterSoftMethod(this,\,1
fires,1
down,1
md.getDefaultSelector();,1
threads,1
\Position.mul(Action.directionToVariation(Action.UPRIGHT),\,1
Play,1
crossEffect.setPosition(performer.getLevel().getPlayer().getPosition());,1
Prompts,1
\SplashEffect(getPosition(),\,1
(rcount++),1
\"\apply\,1
Final,1
\b.x,\,1
\b.y,\,1
done,1
\message,\,1
\check"\);\,1
\direction,\,1
Stack,1
aPlayer.addItem(targetItem);,1
(!hitsSomebody),1
\consXPrompt,int\,1
getMenuDescription(){,1
\mLocs.put(what,\,1
px++;,1
remnanty,1
(trying.getShopCategory(),1
\moved,\,1
Misses,1
\setFeaturePrize("\KEY"\);\,1
target,1
attacker.setLastWalkingDirection(Action.SELF);,1
\solveDirection(getPosition(),\,1
\Color(80,80,255);\,1
warnings,1
\Debug.say("\Item\,1
nearest,1
\PropertyFilters.inte(p.getProperty("\POS_LEVELDESC_X"\));\,1
Make,1
stores,1
crearImagen(String,1
\ULAW,\,1
y<vcells[0].length;,1
Display.thus.showDraculaSequence();,1
\aLevel.getMapCell(runner.x+var.x,\,1
yrun,1
\Exception("\Archivo\,1
\player.setPosition(currentLevel.getExitFor("\_BACK"\));\,1
(destinationItem,1
keysOnLevel,1
Appearance.BROWN));,1
deservesHighMystics(){,1
\si.drawImage(5*10,(6+i)*24+10,\,1
Items.getItemDefinitions();,1
status,1
defs[i].getMenuDescription());,1
played,1
x++){,1
AudioFormat.Encoding.ALAW),1
how,1
UnsupportedAudioFileException,1
supported;,1
y=0;,1
start.y;,1
\"\SFX_RED_HIT"\,\,1
getTimeCostModifier());,1
(what.getLight()>0){,1
write.close();,1
Frame(gs.getDefaultConfiguration());,1
Dan,1
\Debug.say("\low\,1
map[x][y],1
invTextArea.setEditable(false);,1
Util.randomElementOf(itemIDs);,1
playAudioStream,1
itemID,1
\write.write(ret[i].getID()+"\,"\+ret[i].getAppearance().getID()+"\,"\+ret[i].getDescription()+"\,,"\+\,1
\GFXBeamMissileEffect("\SFX_WP_AGUEN"\,\,1
clips,1
Debug.say(a);,1
\"\MERMAN"\;\,1
Closes,1
getSelector(){,1
115),1
'Rest,1
\(71,2,"\P\,1
Underground,1
frame.add(sip);,1
\createIAppearance("\FLAME"\,\,1
\scrH,\,1
landingCell,1
i++,1
Toolkit.clearScreen(BLACK);,1
setPositions(Position,1
\Position.mul(Action.directionToVariation(Action.UPLEFT),\,1
//Debug.exitMethod(image);,1
\si.print(21,4,\,1
createFlashEffect(Position,1
player.informPlayerEvent(Player.EVT_FORWARD);,1
\map[z][ix][iy].getID().equals("\AIR"\))){\,1
randomly,1
\[xCheck-0.00001,yCheck]\,1
+---+a---b#####,1
\System.out.println("\Blast\,1
\hashtable"\);\,1
FusionSpirits();,1
now.y+1));,1
EXIT,1
(!piercesThru()){,1
levelTotal+=n;,1
\scrX,\,1
scrH);,1
\PropertyFilters.inte(p.getProperty("\UPLEFTBORDER"\));\,1
(!landingCell.isSolid(),1
).getTransparency(,1
insideViewPort(int,1
\away"\);\,1
says:,1
definition.getSightListItem();,1
VEffect(10);,1
starts,1
mode',1
finishLevel(){,1
loaded,1
\g2d.drawImage(im,0,0,null);\,1
JScrollPane(testArea));,1
\Position.mul(toPrint,\,1
\x"\+quantity+\,1
Brahms,1
PC_POS.x,1
map[player.getPosition().z][x][y].isSolid();,1
e){},1
sampled,1
sz040507,1
\LineIconMissileEffect(performer.getPosition(),\,1
gs.getDisplayMode();,1
showSkills();,1
invTextArea.setEnabled(false);,1
\mLocs.put(what.getPosition().toString(),\,1
Sequencer,1
End,1
ace){,1
onBattle,1
constant,1
actors.enqueue(x);,1
endless,1
playerCell.getHeight(),1
#####b---++---+,1
yspan){,1
g2d,1
etc,1
error,1
start1);,1
\memento"\,\,1
checkConnection(int[][],1
\key!"\);\,1
\si.drawImage((PC_POS.x-xrange+x)*32,(PC_POS.y-yrange+y)*32-17,\,1
are:,1
\"\+x+"\,"\+y);\,1
\center,\,1
breakable,1
\(isInsideBounds(x,y))\,1
\stopping,\,1
feat,1
signal,1
remove,1
g){,1
lowly,1
buildSelector,1
System.out.println(ex.getMessage());,1
\si.print(PC_POS.x-xrange+x,PC_POS.y-yrange+y,\,1
\"\gfx/black.gif"\);\,1
\Position.mul(Action.directionToVariation(Action.DOWN),\,1
sides,1
(merchandises.contains(trying.getShopMenuItem())),1
icon);,1
subFeatures,1
createTileMissileEffect(Position,1
\FileUtil.getReader("\D:/Slash/Proyectos/CastlevaniaRL/items.csv"\);\,1
Greg,1
sequencer's,1
don't,1
resuming,1
Locates,1
\"\failed\,1
mediaTracker.waitForID(0);,1
printVisited();,1
Stop,1
targetPanel.plot(',1
Debug.say(map[z][y].charAt(x));,1
\si.drawImage(311,64,\,1
100.0F,1
(f.getFaint(),1
value);,1
condition,1
rather,1
1.5),1
attributes,1
looped,1
\[xCheck,yCheck+1]\,1
invTextArea.setVisible(true);,1
f.getSize(),1
j++){,1
\STMusicManager.thus.playForLevel(levelNumber,\,1
stopped,1
once,1
\insideViewPort(what.x,\,1
\Debug.say("\estoy\,1
clue,1
layer,1
cmap,1
END_OF_TRACK,1
def,1
\"\VOID"\,\,1
200);,1
still,1
(!FileUtil.fileExists(filename)){,1
Hold,1
20000,1
\("\Terminal"\,\,1
\JLabel("\Skills"\);\,1
\"\Oo,."\,\,1
\Position(50,11);\,1
displayMode.getRefreshRate());,1
infinity,1
\CASTLE_CENTER"\);\,1
csi,1
prompt.setVisible(false);,1
player.increaseWeaponSkill(ItemDefinition.CAT_WHIPS);,1
\Font.BOLD,\,1
levelTotal,1
float,1
\System.out.println("\Desired\,1
currentLevel.setLevelNumber(targetLevelNumber);,1
Toolkit.changeColors(new,1
xstart;,1
g2d.dispose();,1
Math.pow,1
game,1
passes,1
VEffect,1
runner.x,1
\Debug.say("\Cost\,1
true,1
\setBounds(0,0,\,1
gain,1
Provides,1
Decide,1
\buffered,\,1
Relationships,1
MediaTracker,1
Double,1
\Debug.say("\cpuntdown\,1
doomedFeatures.remove(f);,1
si.drawImage(IMG_LEVEL_UP);,1
\"\his"\\,1
sz.midi.STMidiPlayer;,1
GraphicsEnvironment.getLocalGraphicsEnvironment().getDefaultScreenDevice().setDisplayMode(new,1
\Position(0,yEntrance),\,1
box,1
DRACULA,1
+w1.getPosition(),1
(visitedRooms[x][y]),1
watcher,1
\System.out.println("\Range\,1
big,1
disp){,1
\si.printAtPixel(290,50,\,1
I/O,1
\Position(Integer.parseInt(parameters[0]),\,1
stack.push(now);,1
\SequentialEffect(performer.getPosition(),\,1
avoid,1
rand.setSeed(rand.nextLong());,1
ban,1
Author:,1
try{,1
(player.hasCounter(Consts.C_WOLFMORPH),1
\si.getGraphics2D().drawImage(borders[0],\,1
aLevel.getMapCell(performer.getPosition());,1
\where,\,1
\Debug.say("\Lets\,1
\"\+item.getAttributesDescription());\,1
repeatedly,1
\2.00"\,\,1
complexing,1
Has,1
\Debug.say("\Next\,1
Provisional,1
xspan,1
simple,1
recoverHits(1);,1
UPLEFTBORDER,1
screenHeight,1
Audio,1
falls,1
map[player.getPosition().z][x][y],1
sample,1
\Position(0,roomHeight\,1
(!level.isValidCoordinate(landingPoint)){,1
aLevel.getDepth()-1){,1
Esto,1
ren.setText(smi.getMenuDescription());,1
code,1
change,1
[More],1
\"\+lines);\,1
Exception,1
1)];,1
\si.getGraphics2D().drawImage(borders[1],\,1
\inPosition.y-1+promptSize,\,1
ret.setCells(cmap);,1
\fruebd"\);\,1
si.remove(txtClassDescription);,1
Vanquisher,1
MapCellFactory.getMapCellFactory().getMapCell(descriptions[map[y][x]]);,1
cleanViewPort();,1
selector;,1
8-byte,1
invTextArea.setForeground(color);,1
flipFacing,1
parser.setContentHandler(handler);,1
\System.out.println("\set\,1
crearImagen(filename);,1
-low))+low);,1
canvas){,1
\Debug.say("\"\);\,1
\"\NPC"\,\,1
canvas);,1
b){,1
start.x,1
start.y,1
invTextArea.setForeground(Color.WHITE);,1
\However,\,1
colors,1
tell,1
\Debug.say("\Adding\,1
i+=10){,1
cost,1
inputStream,1
ret.length;,1
dep;,1
060322:,1
title,1
Singleton,1
paused,1
nextTime);,1
win.validate();,1
showTextArea(int,1
NPC_MONSTER_DEFINITION,1
merchandises.add(trying.getShopMenuItem());,1
length,1
-------------------,1
\Skill("\Mystic\,1
--------------,1
createSequentialEffect(Position,1
iy);,1
\si.getGraphics2D().drawImage(borders[2],\,1
w2.getPosition());,1
aimlessly,1
\[xCheck-0.00001,yCheck+0.99999]\,1
\targetItem.getAppearance().getColor(),\,1
Exception{,1
getMonsters(){,1
land,1
Java:,1
\"\SFX_CROSS"\,\,1
beckerdo@io.com,1
\frame.setBounds(0,0,800,600);\,1
\Color(92,78,36);\,1
Represents,1
Container());,1
\Position.mul(Action.directionToVariation(Action.RIGHT),\,1
\level.getMonsterByID("\PRELUDE_DRACULA"\).execute(ActionFactory.getActionFactory().getAction("\PRELUDE_MORPH_SOLIEYU"\));\,1
<name>,1
\si.print(5,7+i,\,1
DisplayMode.REFRESH_RATE_UNKNOWN));,1
loop,1
IMG_ICON,1
\CharAppearance.getVoidAppearance().getChar(),\,1
getVoidAppearance();,1
\Position.mul(Action.directionToVariation(Action.UP),\,1
\System.out.println("\\,1
TILE_NO_SHO;,1
\FileUtil.getWriter("\D:/Slash/Proyectos/CastlevaniaRL/src/crl/data/Items.java"\);\,1
map.length;,1
\Toolkit.LR_CORNER),\,1
weaponSkillsCounters,1
FileReader(sndsFNm));,1
frame.getContentPane().add(sip);,1
{condType},1
{destinationCell},1
act(){,1
non-daemon,1
pause(),1
heshe,1
defs.length,1
\System.out.println("\elements\,1
atSequenceEnd(),1
\"\+Game.getVersion(),\,1
\"\_START"\);\,1
ConsoleSystemInterface.WHITE);,1
southe,1
frame.setLayout(new,1
pEffectID;,1
\glows!"\);\,1
\Debug.doAssert(false,\,1
\skills.put("\HMYSTIC_WEAPON"\,\,1
(AssignedFeature),1
level.getDeepPosition(landingPoint);,1
loops,1
\+ix+"\\,1
\si.getGraphics2D().drawImage(borders[3],\,1
expression){,1
visitedRooms[0].length;,1
\System.out.println("\Programming\,1
\"\+element.getFrequency());\,1
x.setFeaturePrize(feat);,1
testArea.setLineWrap(true);,1
\SplashEffect(performer.getPosition(),\,1
\loadLevel("\DRAGON_KING_LAIR"\,\,1
exhibiting,1
\Debug.say("\("\+x.getCost()+"\)"\);\,1
(map[z][ix][iy],1
filename),1
background,1
Window,1
\Util.rand(1,5);\,1
\(!level.isVisible(runner.x,\,1
\levels.add("\PROLOGUE_KEEP"\);\,1
pRange;,1
\pRange,\,1
\Debug.byebye("\Feature\,1
\+low+"\\,1
\consYPrompt,String\,1
loadBackLevel();,1
parameter,1
\lucky"\);\,1
filename,1
ImageUtils.class.getResource(filename),1
\Position.mul(Action.directionToVariation(Action.DOWNRIGHT),\,1
different,1
//si.cls();,1
playAudioFile,1
loadBackLevel(){,1
tiles.length();,1
\sequencer,\,1
shopMenuItem,1
\z,\,1
Midi,1
become,1
\Color(187,161,80);\,1
wh,1
performer.getPosition().z),1
Determine,1
up,1
un,1
+filename);,1
st,1
tO,1
(!hasBoss){,1
t),1
subf.nextElement();,1
\"\Play.playAudioStream\,1
\watcher,\,1
Values,1
\loadLevel(levelPath[currentLevel.getLevelNumber()+1],\,1
py,1
px,1
explicitly,1
start2);,1
{cellParam},1
daya,1
currentLevel.getLevelNumber()+1);,1
((BasicListItem)getDefinition().getSightListItem()).setRow(getDescription());,1
solid,1
Mind,1
\DirectionMissileEffect(aPlayer.getPosition(),\,1
\PropertyFilters.inte(p.getProperty("\POS_LEVELDESC_Y"\));\,1
wreckage,1
quitMessages;,1
\DisplayMode(800,600,8,\,1
\nwL,\,1
\["\+player.getLastIncrementString()+"\]"\);\,1
*public,1
\monster,\,1
Added,1
\System.out.println("\Comienzo:\,1
\playing,\,1
im,1
maybe,1
then,1
j<,1
j),1
hi,1
\FileUtil.getWriter("\monsterStats.csv"\);\,1
i<,1
gs,1
\i,\,1
item,1
ge,1
fx,1
Invoker,1
LineUnavailableException),1
fusion,1
ret[px][py],1
ge.getDefaultScreenDevice();,1
aPlayer.setPosition(destinationPoint);,1
buffered,1
well,1
e;,1
killerMonster;,1
e),1
\bat.setPosition(7,35);\,1
\skills.put("\MYSTIC_WEAPON"\,\,1
updated,1
COuldnt,1
bw,1
\"\+i);\,1
dies;,1
edges,1
player.hasCounter(Consts.C_WOLFMORPH2)),1
compiler,1
thru,1
af,1
\a,\,1
(CRLException,1
sized,1
Hashtable();,1
ix++){,1
want,1
\size,\,1
doAssert(boolean,1
\continuing"\);\,1
[2,1
\level.removeMonster(level.getNPCByID("\MAIDEN"\));\,1
We,1
refresh(Thread,1
\paused,\,1
\System.out.println("\new\,1
context,1
(int)((xdim),1
\browse"\,\,1
\72,24,24),\,1
RL,1
add(invTextArea);,1
PE,1
No,1
aPlayer.informPlayerEvent(Player.OPENEDCASTLE);,1
NO,1
\(destinationFeature.getTrigger().equals("\ENDGAME"\))\,1
game.newGame();,1
\maxLength,\,1
((BasicListItem)sightListItem).setRow(getDescription());,1
In,1
(destinationFeature.getTrigger(),1
higher,1
\Becker,\,1
RECURSIVE,1
included,1
(ydim,1
Do,1
time,1
\"\+x"\,\,1
AI,1
\"\+what);\,1
tint,1
Removed,1
regen();,1
\+"\-done"\);\,1
\graphicsBuff.clearRect(0,0,getWidth(),\,1
;),1
8;,1
testArea,1
6;,1
\sequence,\,1
\darken(ix,\,1
\6,\,1
sequences,1
\"\+levelID+"\\,1
menuBox.setPromptSize(2);,1
\Mystics"\));\,1
\5,\,1
4:,1
objects,1
//Class,1
NPC,1
3:,1
2;,1
2:,1
UserInterface.getUI().refresh();,1
\Debug.say("\I\,1
2),1
xstart,1
1:,1
creating,1
\line,\,1
1),1
Cursor,1
0:,1
variation);,1
\Position(getWidth()-1,yExit));\,1
ret[58].setHeight(1);,1
visitedRooms.length;,1
/*,1
(boss,1
sg.setFlatLevel(baseFeature.getALayout());,1
BufferedReader(,1
promptBox.clear();,1
param);,1
swims,1
\won,\,1
*/,1
full-screen,1
swing,1
listener,1
screenWidth,1
\Debug.say("\Reducing\,1
Integer.parseInt(parameters[5]));,1
\',\,1
\UPRIGHT,\,1
CharKeys,1
\System.out.print("\X"\);\,1
Debug.exitSoftMethod();,1
ConsoleSystemInterface.BLUE);,1
swimming,1
Thread(midiPlayer);,1
layouts.size());,1
(standsOnPlace(),1
map[0].length;,1
(landingPoint,1
performer.getPosition().z).isSolid()){,1
drawEffect(UserInterface,1
useLayout,1
\ret.addExit(start,\,1
\full,\,1
\(exit.equals("\_NEXT"\)){\,1
setSubFeatures(Vector,1
MidisInfo,1
SHADOWCASTING,1
\//Debug.say("\px\,1
where,1
name);,1
\super.drawEffect(ui,\,1
Yes,1
\Skill("\Sacred\,1
\//Debug.say("\ix\,1
jumpingRange-1),1
keyCounter;,1
\mof.buildMonster("\PANTHER"\);\,1
\System.out.println("\removing\,1
SwingSystemInterface,1
decoupling,1
complete,1
\System.out.println("\Radar\,1
\si.print(xpos,24,\,1
\targetDirection,20,\,1
addDefinition(MonsterDefinition,1
p,1
iy++){,1
die();,1
im.getHeight(,1
f,1
text);,1
adding,1
\{"\HALBERD"\};\,1
priest,1
Shop,1
\definitions.put(definition.getID(),\,1
\"\+playerDistance+"\\,1
like,1
\Position.distance(startPosition,\,1
player.addScore(1);,1
getKillerMonster(),1
goneThru[0].length;,1
link,1
dungeondweller@swipnet.se,1
testArea;,1
oldPoint);,1
\Debug.exitMethod("\false"\);\,1
mediaTracker,1
Odd,1
\"\SFX_SHADOW_FLARE"\));\,1
(Throwable,1
Translated,1
\testArea.append(s+"\;\,1
attribute,1
whose,1
\,\,1
volume,1
destinationItem,1
),1
runner.y)),1
SHIELDS,1
(ShopMenuItem),1
called,1
\pit!"\);\,1
\"\+aMonster.getDescription()+"\!"\);\,1
\(aLevel.getMapCell(runner.x,\,1
